,order_series,BottomRelation,isActive,isFault,isFinite
Strat_1,1,Erosion,True,False,False
Strat_2,2,Erosion,True,False,False
Strat_3,3,Erosion,True,False,False
Strat_4,4,Erosion,True,False,False
Strat_5,5,Erosion,True,False,False
Strat_6,6,Erosion,True,False,False
Strat_7,7,Erosion,True,False,False
Strat_8,8,Erosion,True,False,False
Strat_9,9,Erosion,True,False,False
Strat_10,10,Erosion,True,False,False
Strat_11,11,Erosion,True,False,False
Strat_12,12,Erosion,True,False,False
Strat_13,13,Erosion,True,False,False
Strat_14,14,Erosion,True,False,False
Strat_15,15,Erosion,True,False,False
Strat_16,16,Erosion,True,False,False
Strat_17,17,Erosion,True,False,False
Strat_18,18,Erosion,True,False,False
Strat_19,19,Erosion,True,False,False
Strat_20,20,Erosion,True,False,False
Strat_21,21,Erosion,True,False,False
Strat_22,22,Erosion,True,False,False
Strat_23,23,Erosion,True,False,False
Basement_series,24,Erosion,False,False,False
