,X,Y,Z,X_c,Y_c,Z_c,surface,series,id,order_series,smooth
0,459999.625,7770043.222,-2408.44,0.7501000000000004,0.37776171053161267,0.4898481618949651,h0,Sea_floor,1,1,2e-06
1,458993.212,7770546.879,-2372.72,0.7371992314707417,0.384217869558907,0.4903060409683327,h0,Sea_floor,1,1,2e-06
2,458035.25,7771003.0,-2347.12,0.7249195351414758,0.3900646853714388,0.4906341961832882,h0,Sea_floor,1,1,2e-06
3,457994.773,7771022.273,-2346.55,0.7244006781635164,0.39031173753776116,0.4906415027642462,h0,Sea_floor,1,1,2e-06
4,456991.898,7771511.254,-2319.39,0.7115452617104497,0.396579771333232,0.49098965493761304,h0,Sea_floor,1,1,2e-06
5,456002.932,7772004.169,-2291.94,0.698868138651321,0.40289823335588076,0.4913415244942743,h0,Sea_floor,1,1,2e-06
6,455989.568,7772010.831,-2291.3,0.6986968313742645,0.4029836306231538,0.49134972837464824,h0,Sea_floor,1,1,2e-06
7,454989.898,7772493.432,-2260.36,0.6858824984158821,0.40916988198614895,0.4917463347164734,h0,Sea_floor,1,1,2e-06
8,453989.662,7772978.517,-2266.72,0.6730609101507949,0.41538797465984745,0.49166480865525786,h0,Sea_floor,1,1,2e-06
9,453936.07,7773005.423,-2267.52,0.6723739377179865,0.4157328709181964,0.4916545538047905,h0,Sea_floor,1,1,2e-06
10,452998.209,7773476.269,-2223.47,0.6603519073252755,0.4217684400721382,0.4922192115086495,h0,Sea_floor,1,1,2e-06
11,451993.358,7773980.746,-2177.7,0.6474711613915549,0.42823511032116535,0.4928059171410133,h0,Sea_floor,1,1,2e-06
12,451953.164,7774000.925,-2177.13,0.6469559320669483,0.4284937761056355,0.4928132237219713,h0,Sea_floor,1,1,2e-06
13,450993.879,7774461.549,-2175.72,0.6346592767787222,0.43439831390772976,0.49283129789592,h0,Sea_floor,1,1,2e-06
14,449987.406,7774956.031,-2157.63,0.6217577391356787,0.4407368626187409,0.4930631857021132,h0,Sea_floor,1,1,2e-06
15,449891.375,7775000.875,-2154.54,0.6205267597041396,0.4413116982616833,0.49310279506204335,h0,Sea_floor,1,1,2e-06
16,448998.179,7775432.116,-2115.88,0.6090772704315849,0.4468395882246816,0.49359836071087854,h0,Sea_floor,1,1,2e-06
17,447999.926,7775914.63,-2106.05,0.5962811013770931,0.4530247243726847,0.4937243671859962,h0,Sea_floor,1,1,2e-06
18,447810.044,7776004.022,-2105.28,0.5938470869815393,0.45417060136390736,0.493734237479571,h0,Sea_floor,1,1,2e-06
19,446996.267,7776387.133,-2085.12,0.5834156351705686,0.4590815338856646,0.4939926597113485,h0,Sea_floor,1,1,2e-06
20,445902.923,7776951.385,-2111.29,0.5694005361338377,0.4663144337430426,0.493657197915435,h0,Sea_floor,1,1,2e-06
21,445810.591,7777001.667,-2115.23,0.5682169725671474,0.4669589767320499,0.49360669277688324,h0,Sea_floor,1,1,2e-06
22,444992.636,7777408.333,-2111.69,0.5577319647996107,0.47217185050723964,0.4936520704902013,h0,Sea_floor,1,1,2e-06
23,443992.095,7777887.381,-2064.15,0.5449064668727822,0.47831255751560464,0.4942614649792242,h0,Sea_floor,1,1,2e-06
24,443765.226,7778004.155,-2057.46,0.5419983322844336,0.47980943240120166,0.49434722116625746,h0,Sea_floor,1,1,2e-06
25,442473.0,7778636.75,-2028.76,0.5254338517843903,0.48791839131544756,0.494715113926774,h0,Sea_floor,1,1,2e-06
26,441998.0,7778858.0,-1991.06,0.5193450343193955,0.49075449839782675,0.4951983737550483,h0,Sea_floor,1,1,2e-06
27,441700.694,7779003.139,-1976.55,0.5155339986030847,0.49261497182530994,0.49538437110540007,h0,Sea_floor,1,1,2e-06
28,440998.5,7779346.667,-1951.05,0.506532880516738,0.49701850716449797,0.49571124446404713,h0,Sea_floor,1,1,2e-06
29,439998.5,7779851.75,-1928.62,0.4937143174325384,0.5034929454627501,0.4959987648340257,h0,Sea_floor,1,1,2e-06
30,439671.676,7780005.279,-1916.56,0.48952490337110766,0.5054609666345055,0.4961533567048212,h0,Sea_floor,1,1,2e-06
31,438994.527,7780328.732,-1887.34,0.48084482619720526,0.5096071693197758,0.4965279151181415,h0,Sea_floor,1,1,2e-06
32,437998.83,7780813.696,-1845.72,0.4680814213899572,0.5158237109473495,0.4970614237137059,h0,Sea_floor,1,1,2e-06
33,437624.559,7781002.235,-1828.93,0.46328380496587057,0.5182405100126798,0.4972766473878896,h0,Sea_floor,1,1,2e-06
34,436992.706,7781315.216,-1778.59,0.4551843574254298,0.5222524767053316,0.4979219338535482,h0,Sea_floor,1,1,2e-06
35,435996.635,7781804.916,-1726.0,0.442416158475588,0.5285297270476665,0.49859606208614626,h0,Sea_floor,1,1,2e-06
36,435594.778,7782006.293,-1703.03,0.4372649291702606,0.5311110908258656,0.49889050448019034,h0,Sea_floor,1,1,2e-06
37,434965.204,7782321.784,-1682.64,0.4291946951350892,0.5351552321118678,0.4991518749814772,h0,Sea_floor,1,1,2e-06
38,433996.424,7782796.347,-1655.69,0.4167763275903779,0.5412384478647959,0.49949733525659634,h0,Sea_floor,1,1,2e-06
39,433563.312,7783002.125,-1634.46,0.41122445409585373,0.5438762261391354,0.4997694733508739,h0,Sea_floor,1,1,2e-06
40,432994.854,7783272.208,-1618.62,0.403937639362136,0.5473383021126007,0.4999725193901276,h0,Sea_floor,1,1,2e-06
41,431998.748,7783762.223,-1581.87,0.3911689917625866,0.5536195903023123,0.500443601583472,h0,Sea_floor,1,1,2e-06
42,431530.495,7784001.447,-1567.33,0.3851666611427206,0.5566860982375601,0.5006299834907162,h0,Sea_floor,1,1,2e-06
43,430994.085,7784271.61,-1552.87,0.3782906557187254,0.5601491996960849,0.5008153399129137,h0,Sea_floor,1,1,2e-06
44,429994.292,7784751.5,-1438.73,0.3654747460770842,0.5663006999345571,0.5022784507033443,h0,Sea_floor,1,1,2e-06
45,429484.189,7785005.331,-1402.77,0.35893595859214467,0.5695544486207856,0.5027394062318521,h0,Sea_floor,1,1,2e-06
46,428998.756,7785240.323,-1375.78,0.35271340505849214,0.572566708397063,0.5030853792494947,h0,Sea_floor,1,1,2e-06
47,427987.437,7785729.89,-1316.85,0.3397497486587422,0.5788422538705029,0.5038407771720466,h0,Sea_floor,1,1,2e-06
48,427421.098,7786004.047,-1273.41,0.3324900964602,0.5823565526699854,0.5043976155524241,h0,Sea_floor,1,1,2e-06
49,426989.602,7786212.929,-1244.48,0.3269589377636204,0.58503411976413,0.5047684565824501,h0,Sea_floor,1,1,2e-06
50,425993.59,7786700.934,-1136.63,0.3141914951090007,0.5912896426420453,0.506150938611081,h0,Sea_floor,1,1,2e-06
51,425405.0,7787001.0,-1071.85,0.30664661706327134,0.5951360575924642,0.5069813251276755,h0,Sea_floor,1,1,2e-06
52,424998.2,7787192.52,-1013.69,0.3014320256006191,0.5975910687943443,0.5077268527566525,h0,Sea_floor,1,1,2e-06
53,423994.76,7787664.936,-841.7,0.2885693666594098,0.6036467630923322,0.509931517421504,h0,Sea_floor,1,1,2e-06
54,423281.01,7788012.861,-700.27,0.2794201172580623,0.6081066616533999,0.5117444467985023,h0,Sea_floor,1,1,2e-06
55,422999.485,7788153.208,-629.65,0.2758113712857827,0.609905708526579,0.5126496937235085,h0,Sea_floor,1,1,2e-06
56,421937.866,7788675.622,-151.73,0.2622029411628978,0.6166023053416584,0.5187759413927092,h0,Sea_floor,1,1,2e-06
57,421263.457,7789000.819,-95.72,0.25355798685184594,0.6207708636009469,0.5194939091110552,h0,Sea_floor,1,1,2e-06
58,420993.693,7789130.898,-90.45,0.2501000000000003,0.6224382894683753,0.5195614629385089,h0,Sea_floor,1,1,2e-06
59,456163.305,7771924.237,-2457.36,0.7009238900688236,0.4018736199714341,0.489221077788886,h1,Strat_1,2,2,2e-06
60,456002.932,7772004.169,-2458.6,0.698868138651321,0.40289823335588076,0.4892051827706616,h1,Strat_1,2,2,2e-06
61,455989.568,7772010.831,-2458.26,0.6986968313742645,0.4029836306231538,0.48920954108211023,h1,Strat_1,2,2,2e-06
62,454989.898,7772493.432,-2430.47,0.6858824984158821,0.40916988198614895,0.4895657689502202,h1,Strat_1,2,2,2e-06
63,453989.662,7772978.517,-2418.62,0.6730609101507949,0.41538797465984745,0.4897176689227679,h1,Strat_1,2,2,2e-06
64,453936.07,7773005.423,-2417.87,0.6723739377179865,0.4157328709181964,0.4897272828450811,h1,Strat_1,2,2,2e-06
65,452998.209,7773476.269,-2402.41,0.6603519073252755,0.4217684400721382,0.4899254578303628,h1,Strat_1,2,2,2e-06
66,451993.358,7773980.746,-2383.63,0.6474711613915549,0.42823511032116535,0.4901661904450841,h1,Strat_1,2,2,2e-06
67,451953.164,7774000.925,-2380.76,0.6469559320669483,0.4284937761056355,0.49020297972113575,h1,Strat_1,2,2,2e-06
68,450993.879,7774461.549,-2349.52,0.6346592767787222,0.43439831390772976,0.49060343163188613,h1,Strat_1,2,2,2e-06
69,449987.406,7774956.031,-2334.12,0.6217577391356787,0.4407368626187409,0.4908008375033828,h1,Strat_1,2,2,2e-06
70,449891.375,7775000.875,-2333.21,0.6205267597041396,0.4413116982616833,0.49081250239578944,h1,Strat_1,2,2,2e-06
71,448998.179,7775432.116,-2309.17,0.6090772704315849,0.4468395882246816,0.49112066065233356,h1,Strat_1,2,2,2e-06
72,447999.926,7775914.63,-2282.6,0.5962811013770931,0.4530247243726847,0.4914612498734808,h1,Strat_1,2,2,2e-06
73,447810.044,7776004.022,-2276.66,0.5938470869815393,0.45417060136390736,0.4915373921382009,h1,Strat_1,2,2,2e-06
74,446996.267,7776387.133,-2251.2,0.5834156351705686,0.4590815338856646,0.49186375275432465,h1,Strat_1,2,2,2e-06
75,445995.0,7776900.5,-2217.94,0.5705808309669413,0.465662161160506,0.49229009816250513,h1,Strat_1,2,2,2e-06
76,445810.591,7777001.667,-2216.7,0.5682169725671474,0.4669589767320499,0.49230599318072954,h1,Strat_1,2,2,2e-06
77,444992.636,7777408.333,-2183.63,0.5577319647996107,0.47217185050723964,0.492729903061924,h1,Strat_1,2,2,2e-06
78,443992.095,7777887.381,-2140.62,0.5449064668727822,0.47831255751560464,0.49328122946017544,h1,Strat_1,2,2,2e-06
79,443765.226,7778004.155,-2128.5,0.5419983322844336,0.47980943240120166,0.4934365904447559,h1,Strat_1,2,2,2e-06
80,442988.714,7778396.536,-2107.04,0.5320445642267949,0.48483919300274364,0.49371167680854283,h1,Strat_1,2,2,2e-06
81,441998.0,7778858.0,-2085.53,0.5193450343193955,0.49075449839782675,0.493987404100484,h1,Strat_1,2,2,2e-06
82,441700.694,7779003.139,-2078.76,0.5155339986030847,0.49261497182530994,0.494074185772564,h1,Strat_1,2,2,2e-06
83,440998.5,7779346.667,-2057.92,0.506532880516738,0.49701850716449797,0.49434132462723873,h1,Strat_1,2,2,2e-06
84,439998.5,7779851.75,-2031.21,0.4937143174325384,0.5034929454627501,0.4946837084472177,h1,Strat_1,2,2,2e-06
85,439671.676,7780005.279,-2000.49,0.48952490337110766,0.5054609666345055,0.4950774947051643,h1,Strat_1,2,2,2e-06
86,438994.527,7780328.732,-1988.09,0.48084482619720526,0.5096071693197758,0.49523644488740837,h1,Strat_1,2,2,2e-06
87,437998.83,7780813.696,-1959.02,0.4680814213899572,0.5158237109473495,0.49560908051626607,h1,Strat_1,2,2,2e-06
88,437624.559,7781002.235,-1937.14,0.46328380496587057,0.5182405100126798,0.4958895506765484,h1,Strat_1,2,2,2e-06
89,436992.706,7781315.216,-1916.05,0.4551843574254298,0.5222524767053316,0.49615989417199413,h1,Strat_1,2,2,2e-06
90,435996.635,7781804.916,-1888.95,0.442416158475588,0.5285297270476665,0.49650727723157595,h1,Strat_1,2,2,2e-06
91,435594.778,7782006.293,-1877.99,0.4372649291702606,0.5311110908258656,0.4966477686829788,h1,Strat_1,2,2,2e-06
92,434991.994,7782308.359,-1853.04,0.4295381044401146,0.5349831429024648,0.49696759183192957,h1,Strat_1,2,2,2e-06
93,433996.424,7782796.347,-1836.0,0.4167763275903779,0.5412384478647959,0.4971860201468843,h1,Strat_1,2,2,2e-06
94,433563.312,7783002.125,-1815.17,0.41122445409585373,0.5438762261391354,0.4974530308159282,h1,Strat_1,2,2,2e-06
95,432994.854,7783272.208,-1787.64,0.403937639362136,0.5473383021126007,0.4978059258576362,h1,Strat_1,2,2,2e-06
96,431998.748,7783762.223,-1752.91,0.3911689917625866,0.5536195903023123,0.4982511145535505,h1,Strat_1,2,2,2e-06
97,431423.466,7784056.126,-1708.07,0.383794703154382,0.557387004448447,0.498825898922246,h1,Strat_1,2,2,2e-06
98,430994.085,7784271.61,-1696.08,0.3782906557187254,0.5601491996960849,0.49897959349362553,h1,Strat_1,2,2,2e-06
99,429994.292,7784751.5,-1643.81,0.3654747460770842,0.5663006999345571,0.4996496197860366,h1,Strat_1,2,2,2e-06
100,429484.189,7785005.331,-1624.16,0.35893595859214467,0.5695544486207856,0.49990150455064114,h1,Strat_1,2,2,2e-06
101,428998.756,7785240.323,-1609.28,0.35271340505849214,0.572566708397063,0.500092244769334,h1,Strat_1,2,2,2e-06
102,427987.437,7785729.89,-1559.34,0.3397497486587422,0.5788422538705029,0.500732403809759,h1,Strat_1,2,2,2e-06
103,427421.098,7786004.047,-1479.18,0.3324900964602,0.5823565526699854,0.5017599398265884,h1,Strat_1,2,2,2e-06
104,426989.602,7786212.929,-1425.14,0.3269589377636204,0.58503411976413,0.5024526549756586,h1,Strat_1,2,2,2e-06
105,425993.59,7786700.934,-1338.15,0.3141914951090007,0.5912896426420453,0.5035677417783531,h1,Strat_1,2,2,2e-06
106,425405.0,7787001.0,-1287.05,0.30664661706327134,0.5951360575924642,0.5042227703519557,h1,Strat_1,2,2,2e-06
107,424998.2,7787192.52,-1220.09,0.3014320256006191,0.5975910687943443,0.5050811013360736,h1,Strat_1,2,2,2e-06
108,423994.76,7787664.936,-1063.31,0.2885693666594098,0.6036467630923322,0.5070907956564145,h1,Strat_1,2,2,2e-06
109,423294.416,7788006.178,-950.79,0.2795919629147693,0.6080209951963177,0.5085331403746487,h1,Strat_1,2,2,2e-06
110,422999.485,7788153.208,-886.19,0.2758113712857827,0.609905708526579,0.509361219549888,h1,Strat_1,2,2,2e-06
111,421991.819,7788649.606,-684.65,0.26289454109698007,0.6162688176044501,0.5119446727538776,h1,Strat_1,2,2,2e-06
112,459317.03,7770392.697,-2831.99,0.7413501129315415,0.3822414778654586,0.48441885950065233,h2,Strat_2,3,3,2e-06
113,458993.212,7770546.879,-2855.51,0.7371992314707417,0.384217869558907,0.484117366896912,h2,Strat_2,3,3,2e-06
114,458035.25,7771003.0,-2866.36,0.7249195351414758,0.3900646853714388,0.48397828548744837,h2,Strat_2,3,3,2e-06
115,457994.773,7771022.273,-2868.78,0.7244006781635164,0.39031173753776116,0.48394726456478465,h2,Strat_2,3,3,2e-06
116,456991.898,7771511.254,-2846.91,0.7115452617104497,0.396579771333232,0.4842276065394361,h2,Strat_2,3,3,2e-06
117,456002.932,7772004.169,-2821.95,0.698868138651321,0.40289823335588076,0.4845475578740177,h2,Strat_2,3,3,2e-06
118,455989.568,7772010.831,-2821.36,0.6986968313742645,0.4029836306231538,0.48455512082623736,h2,Strat_2,3,3,2e-06
119,454785.864,7772589.909,-2798.83,0.6832670757155608,0.4104065784968227,0.4848439230525244,h2,Strat_2,3,3,2e-06
120,453989.662,7772978.517,-2797.58,0.6730609101507949,0.41538797465984745,0.4848599462563796,h2,Strat_2,3,3,2e-06
121,453936.07,7773005.423,-2799.9,0.6723739377179865,0.4157328709181964,0.4848302071900243,h2,Strat_2,3,3,2e-06
122,452998.209,7773476.269,-2764.17,0.6603519073252755,0.4217684400721382,0.48528821444902276,h2,Strat_2,3,3,2e-06
123,451993.358,7773980.746,-2738.65,0.6474711613915549,0.42823511032116535,0.48561534417893154,h2,Strat_2,3,3,2e-06
124,451953.164,7774000.925,-2735.96,0.6469559320669483,0.4284937761056355,0.485649826113628,h2,Strat_2,3,3,2e-06
125,450993.879,7774461.549,-2720.14,0.6346592767787222,0.43439831390772976,0.4858526157816201,h2,Strat_2,3,3,2e-06
126,449987.406,7774956.031,-2696.42,0.6217577391356787,0.4407368626187409,0.4861566720979773,h2,Strat_2,3,3,2e-06
127,449891.375,7775000.875,-2694.86,0.6205267597041396,0.4413116982616833,0.4861766690563886,h2,Strat_2,3,3,2e-06
128,448998.179,7775432.116,-2670.26,0.6090772704315849,0.4468395882246816,0.48649200570825996,h2,Strat_2,3,3,2e-06
129,447999.926,7775914.63,-2641.12,0.5962811013770931,0.4530247243726847,0.48686553863653353,h2,Strat_2,3,3,2e-06
130,447810.044,7776004.022,-2630.18,0.5938470869815393,0.45417060136390736,0.48700577371667464,h2,Strat_2,3,3,2e-06
131,446996.267,7776387.133,-2586.19,0.5834156351705686,0.4590815338856646,0.4875696623067486,h2,Strat_2,3,3,2e-06
132,445995.0,7776900.5,-2564.75,0.5705808309669413,0.465662161160506,0.48784449229927385,h2,Strat_2,3,3,2e-06
133,445810.591,7777001.667,-2561.65,0.5682169725671474,0.4669589767320499,0.48788422984483487,h2,Strat_2,3,3,2e-06
134,444992.636,7777408.333,-2536.59,0.5577319647996107,0.47217185050723964,0.48820546303572493,h2,Strat_2,3,3,2e-06
135,443992.095,7777887.381,-2504.53,0.5449064668727822,0.47831255751560464,0.48861642616820433,h2,Strat_2,3,3,2e-06
136,443765.226,7778004.155,-2499.48,0.5419983322844336,0.47980943240120166,0.4886811599117796,h2,Strat_2,3,3,2e-06
137,442988.714,7778396.536,-2475.92,0.5320445642267949,0.48483919300274364,0.4889831652580433,h2,Strat_2,3,3,2e-06
138,441998.0,7778858.0,-2436.31,0.5193450343193955,0.49075449839782675,0.48949090854180843,h2,Strat_2,3,3,2e-06
139,441579.069,7779062.514,-2437.36,0.5139749408679689,0.49337607400843425,0.48947744905057006,h2,Strat_2,3,3,2e-06
140,440998.5,7779346.667,-2412.59,0.506532880516738,0.49701850716449797,0.48979496485816565,h2,Strat_2,3,3,2e-06
141,439998.5,7779851.75,-2371.05,0.4937143174325384,0.5034929454627501,0.4903274479686833,h2,Strat_2,3,3,2e-06
142,439671.676,7780005.279,-2373.92,0.48952490337110766,0.5054609666345055,0.49029065869263166,h2,Strat_2,3,3,2e-06
143,438994.527,7780328.732,-2377.91,0.48084482619720526,0.5096071693197758,0.4902395126259257,h2,Strat_2,3,3,2e-06
144,437998.83,7780813.696,-2360.18,0.4680814213899572,0.5158237109473495,0.49046678574940855,h2,Strat_2,3,3,2e-06
145,437624.559,7781002.235,-2353.56,0.46328380496587057,0.5182405100126798,0.49055164463702594,h2,Strat_2,3,3,2e-06
146,436992.706,7781315.216,-2320.6,0.4551843574254298,0.5222524767053316,0.4909741444762812,h2,Strat_2,3,3,2e-06
147,435996.635,7781804.916,-2256.81,0.442416158475588,0.5285297270476665,0.49179184061542225,h2,Strat_2,3,3,2e-06
148,435594.778,7782006.293,-2234.47,0.4372649291702606,0.5311110908258656,0.4920782073147233,h2,Strat_2,3,3,2e-06
149,434991.994,7782308.359,-2198.88,0.4295381044401146,0.5349831429024648,0.49253441997488995,h2,Strat_2,3,3,2e-06
150,433996.424,7782796.347,-2169.24,0.4167763275903779,0.5412384478647959,0.49291436218470563,h2,Strat_2,3,3,2e-06
151,433563.312,7783002.125,-2163.81,0.41122445409585373,0.5438762261391354,0.49298396698225283,h2,Strat_2,3,3,2e-06
152,432994.854,7783272.208,-2125.95,0.403937639362136,0.5473383021126007,0.49346927778062066,h2,Strat_2,3,3,2e-06
153,431998.748,7783762.223,-2024.78,0.3911689917625866,0.5536195903023123,0.4947661318078491,h2,Strat_2,3,3,2e-06
154,431530.495,7784001.447,-2002.18,0.3851666611427206,0.5566860982375601,0.495055831333552,h2,Strat_2,3,3,2e-06
155,430994.085,7784271.61,-1971.83,0.3782906557187254,0.5601491996960849,0.49544487472315746,h2,Strat_2,3,3,2e-06
156,429994.292,7784751.5,-1920.48,0.3654747460770842,0.5663006999345571,0.49610310793753115,h2,Strat_2,3,3,2e-06
157,429484.189,7785005.331,-1884.68,0.35893595859214467,0.5695544486207856,0.49656201249594545,h2,Strat_2,3,3,2e-06
158,428998.756,7785240.323,-1844.98,0.35271340505849214,0.572566708397063,0.4970709094503882,h2,Strat_2,3,3,2e-06
159,427987.437,7785729.89,-1823.18,0.3397497486587422,0.5788422538705029,0.49735035412562373,h2,Strat_2,3,3,2e-06
160,427421.098,7786004.047,-1793.58,0.3324900964602,0.5823565526699854,0.4977297835929161,h2,Strat_2,3,3,2e-06
161,426989.602,7786212.929,-1774.13,0.3269589377636204,0.58503411976413,0.49797910464490375,h2,Strat_2,3,3,2e-06
162,425993.59,7786700.934,-1682.42,0.3141914951090007,0.5912896426420453,0.4991546950653557,h2,Strat_2,3,3,2e-06
163,425405.0,7787001.0,-1612.25,0.30664661706327134,0.5951360575924642,0.500054173636974,h2,Strat_2,3,3,2e-06
164,424998.2,7787192.52,-1547.86,0.3014320256006191,0.5975910687943443,0.5008795609139656,h2,Strat_2,3,3,2e-06
165,423994.76,7787664.936,-1391.27,0.2885693666594098,0.6036467630923322,0.5028868197073204,h2,Strat_2,3,3,2e-06
166,423294.416,7788006.178,-1251.15,0.2795919629147693,0.6080209951963177,0.5046829567666784,h2,Strat_2,3,3,2e-06
167,422999.485,7788153.208,-1185.67,0.2758113712857827,0.609905708526579,0.5055223162774318,h2,Strat_2,3,3,2e-06
168,421991.819,7788649.606,-909.31,0.26289454109698007,0.6162688176044501,0.5090648543713813,h2,Strat_2,3,3,2e-06
169,458601.932,7770733.182,-3084.86,0.7321835841071558,0.38660600631718656,0.4811774294535508,h3,Strat_3,4,4,2e-06
170,458035.25,7771003.0,-3094.55,0.7249195351414758,0.3900646853714388,0.4810532175772649,h3,Strat_3,4,4,2e-06
171,457994.773,7771022.273,-3093.37,0.7244006781635164,0.39031173753776116,0.48106834348170424,h3,Strat_3,4,4,2e-06
172,456991.898,7771511.254,-3058.44,0.7115452617104497,0.396579771333232,0.48151609589023536,h3,Strat_3,4,4,2e-06
173,456002.932,7772004.169,-3042.77,0.698868138651321,0.40289823335588076,0.48171696277376475,h3,Strat_3,4,4,2e-06
174,455989.568,7772010.831,-3042.65,0.6986968313742645,0.4029836306231538,0.48171850100133484,h3,Strat_3,4,4,2e-06
175,454989.898,7772493.432,-3032.25,0.6858824984158821,0.40916988198614895,0.4818518140574105,h3,Strat_3,4,4,2e-06
176,453989.662,7772978.517,-3009.18,0.6730609101507949,0.41538797465984745,0.482147538307763,h3,Strat_3,4,4,2e-06
177,453922.672,7773012.149,-3008.86,0.6722021946097845,0.41581908857349803,0.48215164024794993,h3,Strat_3,4,4,2e-06
178,452998.209,7773476.269,-2937.66,0.6603519073252755,0.4217684400721382,0.48306432193954496,h3,Strat_3,4,4,2e-06
179,451993.358,7773980.746,-2908.71,0.6474711613915549,0.42823511032116535,0.48343541934083256,h3,Strat_3,4,4,2e-06
180,451953.164,7774000.925,-2908.09,0.6469559320669483,0.4284937761056355,0.48344336684994477,h3,Strat_3,4,4,2e-06
181,450993.879,7774461.549,-2881.93,0.6346592767787222,0.43439831390772976,0.4837787004602274,h3,Strat_3,4,4,2e-06
182,449987.406,7774956.031,-2850.83,0.6217577391356787,0.4407368626187409,0.48417735777214604,h3,Strat_3,4,4,2e-06
183,449891.375,7775000.875,-2849.83,0.6205267597041396,0.4413116982616833,0.4841901763352302,h3,Strat_3,4,4,2e-06
184,448998.179,7775432.116,-2807.25,0.6090772704315849,0.4468395882246816,0.48473599075135543,h3,Strat_3,4,4,2e-06
185,447999.926,7775914.63,-2821.27,0.5962811013770931,0.4530247243726847,0.48455627449691496,h3,Strat_3,4,4,2e-06
186,447810.044,7776004.022,-2799.56,0.5938470869815393,0.45417060136390736,0.4848345655014729,h3,Strat_3,4,4,2e-06
187,446996.267,7776387.133,-2771.18,0.5834156351705686,0.4590815338856646,0.4851983563218025,h3,Strat_3,4,4,2e-06
188,445995.0,7776900.5,-2769.88,0.5705808309669413,0.465662161160506,0.485215020453812,h3,Strat_3,4,4,2e-06
189,445810.591,7777001.667,-2770.04,0.5682169725671474,0.4669589767320499,0.4852129694837185,h3,Strat_3,4,4,2e-06
190,444992.636,7777408.333,-2759.15,0.5577319647996107,0.47217185050723964,0.48535256363570545,h3,Strat_3,4,4,2e-06
191,443992.095,7777887.381,-2742.8,0.5449064668727822,0.47831255751560464,0.4855621471421321,h3,Strat_3,4,4,2e-06
192,443765.226,7778004.155,-2738.1,0.5419983322844336,0.47980943240120166,0.48562239438862786,h3,Strat_3,4,4,2e-06
193,442988.714,7778396.536,-2712.45,0.5320445642267949,0.48483919300274364,0.4859511905317376,h3,Strat_3,4,4,2e-06
194,441998.0,7778858.0,-2689.1,0.5193450343193955,0.49075449839782675,0.4862505039797536,h3,Strat_3,4,4,2e-06
195,441700.694,7779003.139,-2682.85,0.5155339986030847,0.49261497182530994,0.4863306199990299,h3,Strat_3,4,4,2e-06
196,440998.5,7779346.667,-2630.7,0.506532880516738,0.49701850716449797,0.48699910806387087,h3,Strat_3,4,4,2e-06
197,439998.5,7779851.75,-2580.49,0.4937143174325384,0.5034929454627501,0.4876427281163285,h3,Strat_3,4,4,2e-06
198,439671.676,7780005.279,-2575.55,0.48952490337110766,0.5054609666345055,0.4877060518179645,h3,Strat_3,4,4,2e-06
199,438994.527,7780328.732,-2542.97,0.48084482619720526,0.5096071693197758,0.48812368060324773,h3,Strat_3,4,4,2e-06
200,437998.83,7780813.696,-2488.12,0.4680814213899572,0.5158237109473495,0.48882677878841607,h3,Strat_3,4,4,2e-06
201,437624.559,7781002.235,-2460.42,0.46328380496587057,0.5182405100126798,0.4891818529858484,h3,Strat_3,4,4,2e-06
202,436992.706,7781315.216,-2435.56,0.4551843574254298,0.5222524767053316,0.48950052246412157,h3,Strat_3,4,4,2e-06
203,435996.635,7781804.916,-2400.81,0.442416158475588,0.5285297270476665,0.48994596753129754,h3,Strat_3,4,4,2e-06
204,435594.778,7782006.293,-2399.29,0.4372649291702606,0.5311110908258656,0.48996545174718553,h3,Strat_3,4,4,2e-06
205,434991.994,7782308.359,-2386.75,0.4295381044401146,0.5349831429024648,0.4901261965282614,h3,Strat_3,4,4,2e-06
206,433996.424,7782796.347,-2338.62,0.4167763275903779,0.5412384478647959,0.4907431539695039,h3,Strat_3,4,4,2e-06
207,433563.312,7783002.125,-2319.05,0.41122445409585373,0.5438762261391354,0.49099401324906167,h3,Strat_3,4,4,2e-06
208,432994.854,7783272.208,-2282.73,0.403937639362136,0.5473383021126007,0.4914595834602798,h3,Strat_3,4,4,2e-06
209,431998.748,7783762.223,-2218.2,0.3911689917625866,0.5536195903023123,0.4922867653361032,h3,Strat_3,4,4,2e-06
210,431530.495,7784001.447,-2186.67,0.3851666611427206,0.5566860982375601,0.492690934630148,h3,Strat_3,4,4,2e-06
211,430994.085,7784271.61,-2149.31,0.3782906557187254,0.5601491996960849,0.49316983614697374,h3,Strat_3,4,4,2e-06
212,429994.292,7784751.5,-2105.42,0.3654747460770842,0.5663006999345571,0.49373244288073925,h3,Strat_3,4,4,2e-06
213,429484.189,7785005.331,-2073.89,0.35893595859214467,0.5695544486207856,0.49413661217478405,h3,Strat_3,4,4,2e-06
214,428998.756,7785240.323,-2033.24,0.35271340505849214,0.572566708397063,0.4946576867641568,h3,Strat_3,4,4,2e-06
215,427987.437,7785729.89,-1964.64,0.3397497486587422,0.5788422538705029,0.4955370401917329,h3,Strat_3,4,4,2e-06
216,427421.098,7786004.047,-1899.72,0.3324900964602,0.5823565526699854,0.4963692213071591,h3,Strat_3,4,4,2e-06
217,426989.602,7786212.929,-1871.91,0.3269589377636204,0.58503411976413,0.4967257055465307,h3,Strat_3,4,4,2e-06
218,425993.59,7786700.934,-1779.8,0.3141914951090007,0.5912896426420453,0.49790642339221636,h3,Strat_3,4,4,2e-06
219,425405.0,7787001.0,-1713.07,0.30664661706327134,0.5951360575924642,0.49876180610682497,h3,Strat_3,4,4,2e-06
220,424998.2,7787192.52,-1673.77,0.3014320256006191,0.5975910687943443,0.499265575636034,h3,Strat_3,4,4,2e-06
221,423994.76,7787664.936,-1562.48,0.2885693666594098,0.6036467630923322,0.5006921535216746,h3,Strat_3,4,4,2e-06
222,423294.416,7788006.178,-1439.2,0.2795919629147693,0.6080209951963177,0.5022724259786947,h3,Strat_3,4,4,2e-06
223,422999.485,7788153.208,-1391.86,0.2758113712857827,0.609905708526579,0.5028792567551007,h3,Strat_3,4,4,2e-06
224,421991.819,7788649.606,-1121.88,0.26289454109698007,0.6162688176044501,0.5063400124165729,h3,Strat_3,4,4,2e-06
225,421263.457,7789000.819,-912.28,0.25355798685184594,0.6207708636009469,0.5090267832390212,h3,Strat_3,4,4,2e-06
226,458615.424,7770726.758,-3117.21,0.7323565321602882,0.3865236598679382,0.48076274893777693,h4,Strat_4,5,5,2e-06
227,458035.25,7771003.0,-3126.9,0.7249195351414758,0.3900646853714388,0.480638537061491,h4,Strat_4,5,5,2e-06
228,457994.773,7771022.273,-3126.9,0.7244006781635164,0.39031173753776116,0.480638537061491,h4,Strat_4,5,5,2e-06
229,456991.898,7771511.254,-3120.11,0.7115452617104497,0.396579771333232,0.48072557510483277,h4,Strat_4,5,5,2e-06
230,456002.932,7772004.169,-3095.34,0.698868138651321,0.40289823335588076,0.48104309091242836,h4,Strat_4,5,5,2e-06
231,455989.568,7772010.831,-3095.19,0.6986968313742645,0.4029836306231538,0.481045013696891,h4,Strat_4,5,5,2e-06
232,454989.898,7772493.432,-3084.08,0.6858824984158821,0.40916988198614895,0.4811874279327565,h4,Strat_4,5,5,2e-06
233,453828.886,7773059.234,-3071.7,0.6709999928523696,0.4164226506163171,0.48134612174373886,h4,Strat_4,5,5,2e-06
234,452998.209,7773476.269,-3005.7,0.6603519073252755,0.4217684400721382,0.482192146907296,h4,Strat_4,5,5,2e-06
235,451993.358,7773980.746,-2985.91,0.6474711613915549,0.42823511032116535,0.48244582627073235,h4,Strat_4,5,5,2e-06
236,451953.164,7774000.925,-2986.99,0.6469559320669483,0.4284937761056355,0.4824319822226014,h4,Strat_4,5,5,2e-06
237,450993.879,7774461.549,-2983.5,0.6346592767787222,0.43439831390772976,0.48247671900776523,h4,Strat_4,5,5,2e-06
238,449987.406,7774956.031,-2942.79,0.6217577391356787,0.4407368626187409,0.482998562710923,h4,Strat_4,5,5,2e-06
239,449740.469,7775071.344,-2968.17,0.6185923616233552,0.44221500958365834,0.48267322757984604,h4,Strat_4,5,5,2e-06
240,448998.179,7775432.116,-2928.18,0.6090772704315849,0.4468395882246816,0.4831858419175832,h4,Strat_4,5,5,2e-06
241,447999.926,7775914.63,-2920.31,0.5962811013770931,0.4530247243726847,0.4832867240090558,h4,Strat_4,5,5,2e-06
242,447810.044,7776004.022,-2950.16,0.5938470869815393,0.45417060136390736,0.4829040899009925,h4,Strat_4,5,5,2e-06
243,446996.267,7776387.133,-2919.31,0.5834156351705686,0.4590815338856646,0.48329954257214003,h4,Strat_4,5,5,2e-06
244,445995.0,7776900.5,-2914.07,0.5705808309669413,0.465662161160506,0.48336671184270125,h4,Strat_4,5,5,2e-06
245,445810.591,7777001.667,-2912.02,0.5682169725671474,0.4669589767320499,0.48339298989702384,h4,Strat_4,5,5,2e-06
246,444992.636,7777408.333,-2901.99,0.5577319647996107,0.47217185050723964,0.4835215600847584,h4,Strat_4,5,5,2e-06
247,443992.095,7777887.381,-2895.28,0.5449064668727822,0.47831255751560464,0.4836075726430533,h4,Strat_4,5,5,2e-06
248,443765.226,7778004.155,-2900.09,0.5419983322844336,0.47980943240120166,0.4835459153546183,h4,Strat_4,5,5,2e-06
249,442988.714,7778396.536,-2877.83,0.5320445642267949,0.48483919300274364,0.4838312565688726,h4,Strat_4,5,5,2e-06
250,441998.0,7778858.0,-2853.38,0.5193450343193955,0.49075449839782675,0.4841446704362813,h4,Strat_4,5,5,2e-06
251,441700.694,7779003.139,-2841.21,0.5155339986030847,0.49261497182530994,0.484300672349016,h4,Strat_4,5,5,2e-06
252,440998.5,7779346.667,-2815.1,0.506532880516738,0.49701850716449797,0.48463536503114446,h4,Strat_4,5,5,2e-06
253,439998.5,7779851.75,-2776.7,0.4937143174325384,0.5034929454627501,0.48512759785357773,h4,Strat_4,5,5,2e-06
254,439671.676,7780005.279,-2759.64,0.48952490337110766,0.5054609666345055,0.48534628253979417,h4,Strat_4,5,5,2e-06
255,438994.527,7780328.732,-2740.55,0.48084482619720526,0.5096071693197758,0.48559098890907154,h4,Strat_4,5,5,2e-06
256,437998.83,7780813.696,-2707.3,0.4680814213899572,0.5158237109473495,0.4860172061316212,h4,Strat_4,5,5,2e-06
257,437624.559,7781002.235,-2692.75,0.46328380496587057,0.5182405100126798,0.4862037162244963,h4,Strat_4,5,5,2e-06
258,436992.706,7781315.216,-2684.03,0.4551843574254298,0.5222524767053316,0.4863154940945905,h4,Strat_4,5,5,2e-06
259,435996.635,7781804.916,-2650.06,0.442416158475588,0.5285297270476665,0.48675094068256075,h4,Strat_4,5,5,2e-06
260,435594.778,7782006.293,-2643.11,0.4372649291702606,0.5311110908258656,0.48684002969599594,h4,Strat_4,5,5,2e-06
261,434991.994,7782308.359,-2598.42,0.4295381044401146,0.5349831429024648,0.48741289128022885,h4,Strat_4,5,5,2e-06
262,433996.424,7782796.347,-2559.59,0.4167763275903779,0.5412384478647959,0.4879106360847883,h4,Strat_4,5,5,2e-06
263,433563.312,7783002.125,-2547.51,0.41122445409585373,0.5438762261391354,0.48806548432684543,h4,Strat_4,5,5,2e-06
264,432994.854,7783272.208,-2522.2,0.403937639362136,0.5473383021126007,0.4883899221585065,h4,Strat_4,5,5,2e-06
265,431998.748,7783762.223,-2477.46,0.3911689917625866,0.5536195903023123,0.48896342467089365,h4,Strat_4,5,5,2e-06
266,431530.495,7784001.447,-2453.89,0.3851666611427206,0.5566860982375601,0.4892655582027882,h4,Strat_4,5,5,2e-06
267,430994.085,7784271.61,-2425.9,0.3782906557187254,0.5601491996960849,0.48962434978351493,h4,Strat_4,5,5,2e-06
268,429994.292,7784751.5,-2357.97,0.3654747460770842,0.5663006999345571,0.4904951147738246,h4,Strat_4,5,5,2e-06
269,429484.189,7785005.331,-2336.53,0.35893595859214467,0.5695544486207856,0.4907699447663499,h4,Strat_4,5,5,2e-06
270,428998.756,7785240.323,-2313.97,0.35271340505849214,0.572566708397063,0.4910591315495294,h4,Strat_4,5,5,2e-06
271,427987.437,7785729.89,-2213.54,0.3397497486587422,0.5788422538705029,0.4923464998400756,h4,Strat_4,5,5,2e-06
272,427421.098,7786004.047,-2156.34,0.3324900964602,0.5823565526699854,0.4930797216484918,h4,Strat_4,5,5,2e-06
273,426989.602,7786212.929,-2120.75,0.3269589377636204,0.58503411976413,0.4935359343086585,h4,Strat_4,5,5,2e-06
274,425993.59,7786700.934,-2018.16,0.3141914951090007,0.5912896426420453,0.4948509906954665,h4,Strat_4,5,5,2e-06
275,425405.0,7787001.0,-1942.21,0.30664661706327134,0.5951360575924642,0.4958245605617115,h4,Strat_4,5,5,2e-06
276,424998.2,7787192.52,-1871.74,0.3014320256006191,0.5975910687943443,0.49672788470225504,h4,Strat_4,5,5,2e-06
277,423994.76,7787664.936,-1751.38,0.2885693666594098,0.6036467630923322,0.4982707269550693,h4,Strat_4,5,5,2e-06
278,423294.416,7788006.178,-1654.78,0.2795919629147693,0.6080209951963177,0.49950900014900296,h4,Strat_4,5,5,2e-06
279,422999.485,7788153.208,-1608.95,0.2758113712857827,0.609905708526579,0.5000964748951519,h4,Strat_4,5,5,2e-06
